Key Pollutants,Pearson Correlation Coefficient (r)
Average CO (μg/m3),-0.25282359388902675
Average O3 (μg/m3),0.1245377041868587
Average NO2 (μg/m3),-0.19088019188267982
Average S02 (μg/m3),-0.03695251732335346
Average PM2.5 (μg/m3),-0.2018902575064879
Average PM10 (μg/m3),-0.22246262397155322
