Average CO (μg/m3),Average O3 (μg/m3),Average NO2 (μg/m3),Average S02 (μg/m3),Average PM2.5 (μg/m3),Average PM10 (μg/m3)
254.0383184485656,42.526390489307445,8.717117495457378,4.317022156208256,5.204638927061009,7.74984223432189
249.09164263598012,42.548024016931926,8.449537359801507,4.379170039491801,5.062368607135916,7.508508516982198
